Date,Product_Category,Price,Discount,Customer_Segment,Marketing_Spend,Units_Sold,Revenue,month
01-01-2023,Sports,932.8,35.82,Occasional,6780.38,32,28703.36,1
02-01-2023,Toys,569.48,3.6,Premium,6807.56,16,9054.08,1
03-01-2023,Home Decor,699.68,3.56,Premium,3793.91,27,18795.24,1
04-01-2023,Toys,923.27,0.61,Premium,9422.75,29,26757.14,1
05-01-2023,Toys,710.17,47.83,Premium,1756.83,17,11259.78,1
06-01-2023,Fashion,161.01,36.88,Premium,5053.56,27,3351.51,1
07-01-2023,Home Decor,580.53,17.66,Occasional,6939.75,30,16886.1,1
08-01-2023,Home Decor,610.65,14.83,Regular,7001.64,27,16087.14,1
09-01-2023,Home Decor,429.89,17.49,Occasional,6521.53,32,13196.8,1
10-01-2023,Toys,739.08,38.73,Regular,2825.35,28,19609.8,1
11-01-2023,Sports,935.02,33.07,Premium,1646.45,26,23450.7,1
12-01-2023,Home Decor,926.31,9.26,Regular,6395.81,26,23843.3,1
13-01-2023,Toys,456.33,8.71,Occasional,6033.09,37,16561.94,1
14-01-2023,Fashion,122.11,4.92,Occasional,1875.62,28,3281.32,1
15-01-2023,Sports,984.99,33.02,Regular,7080.88,27,25703.19,1
16-01-2023,Fashion,840.51,38.22,Premium,4606.2,32,25673.28,1
17-01-2023,Sports,133.42,13.25,Premium,6710.83,20,2403.4,1
18-01-2023,Toys,921.63,1.05,Occasional,8389.93,35,32220.3,1
19-01-2023,Electronics,871.2,4.11,Regular,1780.31,23,19943.07,1
20-01-2023,Sports,523.65,48.39,Premium,289.53,17,8079.42,1
21-01-2023,Fashion,595.36,14.77,Premium,7813.12,23,13353.57,1
22-01-2023,Toys,405.01,38.46,Occasional,6136,24,8797.2,1
23-01-2023,Sports,64.21,31.23,Premium,7026.43,35,1154.3,1
24-01-2023,Electronics,341.85,19.1,Regular,8397.73,32,10328,1
25-01-2023,Electronics,804.82,10.28,Occasional,8047.83,34,27014.36,1
26-01-2023,Home Decor,14.59,6.07,Occasional,9613.11,29,247.08,1
27-01-2023,Home Decor,340.16,30.75,Regular,5405.76,25,7735.25,1
28-01-2023,Fashion,404.19,38.73,Occasional,4936.11,29,10598.34,1
29-01-2023,Sports,542.02,32.2,Premium,4078.68,29,14784.78,1
30-01-2023,Sports,920.66,26.52,Premium,1621.54,25,22353.5,1
31-01-2023,Home Decor,352.88,2.1,Regular,5768.81,37,12978.86,1
01-02-2023,Sports,353.48,48.42,Premium,2842.42,19,5796.14,2
02-02-2023,Sports,740.13,39.94,Regular,9220.94,26,18204.94,2
03-02-2023,Electronics,457.7,14.64,Regular,5873.59,30,13291.8,2
04-02-2023,Home Decor,232.36,49,Premium,5969.12,34,6234.24,2
05-02-2023,Toys,457.92,30.09,Regular,3613.75,32,13690.56,2
06-02-2023,Home Decor,149.45,29.12,Premium,614.69,30,3609.9,2
07-02-2023,Toys,184.62,37.4,Occasional,414.26,35,5152.7,2
08-02-2023,Electronics,503.38,40.59,Occasional,4291.02,26,12032.54,2
09-02-2023,Fashion,424.74,32.82,Regular,937.2,34,13325.28,2
10-02-2023,Sports,915.7,6.4,Premium,6107.78,38,34553.4,2
11-02-2023,Electronics,368.77,16.91,Premium,8821.63,43,15129.98,2
12-02-2023,Sports,584.78,46.4,Occasional,8840.86,24,12921.12,2
13-02-2023,Fashion,635.94,11.23,Occasional,6624.55,31,19366.01,2
14-02-2023,Fashion,22.96,18.61,Premium,2191.2,18,78.3,2
15-02-2023,Electronics,666.9,21.6,Regular,8643.67,34,21940.2,2
16-02-2023,Fashion,186.26,21.97,Occasional,8872.33,16,2628.64,2
17-02-2023,Toys,961.46,30.65,Regular,2046.87,36,33509.16,2
18-02-2023,Fashion,157.18,47.15,Regular,7400.52,33,3630.99,2
19-02-2023,Sports,420.48,12.03,Occasional,2936.54,41,16746.45,2
20-02-2023,Sports,94.5,6.08,Regular,8046.14,31,2741.02,2
21-02-2023,Sports,996.91,9.87,Regular,9972.66,25,24676,2
22-02-2023,Sports,507.17,44.35,Premium,397.26,36,16661.52,2
23-02-2023,Toys,599.43,32.29,Regular,8983.92,49,27789.86,2
24-02-2023,Home Decor,76.41,14.3,Premium,6264.04,23,1428.53,2
25-02-2023,Electronics,752.46,40.8,Occasional,9736.49,32,22773.12,2
26-02-2023,Sports,217.81,43.07,Occasional,4703.59,23,4019.02,2
27-02-2023,Fashion,899.07,42.33,Premium,8489.14,28,23988.72,2
28-02-2023,Sports,213.09,45.95,Occasional,717.7,34,5682.76,2
01-03-2023,Fashion,198.78,12.61,Regular,3419.26,24,4468.08,3
02-03-2023,Fashion,46.18,37.75,Regular,763.46,13,109.59,3
03-03-2023,Sports,477.35,23.03,Regular,9755.9,22,9995.04,3
04-03-2023,Toys,569.19,42.1,Occasional,8188.04,41,21610.69,3
05-03-2023,Fashion,75.05,36.42,Regular,8540.22,18,695.34,3
06-03-2023,Fashion,777.77,38.82,Occasional,9385.86,24,17734.8,3
07-03-2023,Sports,458.76,32.81,Regular,942.52,27,11500.65,3
08-03-2023,Fashion,529.15,8.87,Premium,3917.42,27,14047.56,3
09-03-2023,Fashion,446.36,27.25,Occasional,803.25,39,16345.29,3
10-03-2023,Sports,406.76,49.23,Occasional,2186.85,37,13228.61,3
11-03-2023,Sports,564.04,46.87,Regular,2370.72,33,17066.61,3
12-03-2023,Electronics,163.69,2.16,Occasional,4744.16,24,3876.72,3
13-03-2023,Toys,190.11,8.24,Occasional,2758.77,34,6183.58,3
14-03-2023,Toys,863.17,6.59,Premium,1099.68,34,29123.72,3
15-03-2023,Fashion,946.65,36.3,Premium,1758.16,31,28220.85,3
16-03-2023,Toys,379.58,40.89,Regular,1558.03,35,11854.15,3
17-03-2023,Fashion,278.04,10.68,Premium,9733.46,33,8822.88,3
18-03-2023,Electronics,647.56,25.29,Regular,7617,24,14934.48,3
19-03-2023,Sports,414.65,42.04,Regular,9680.84,23,8570.03,3
20-03-2023,Sports,35.13,36.64,Regular,4453.43,40,-60.4,3
21-03-2023,Sports,164.59,27.11,Occasional,2855.85,15,2062.2,3
22-03-2023,Toys,718.81,29.52,Premium,8003.1,31,21367.99,3
23-03-2023,Electronics,662.33,25.42,Regular,3329.91,32,20381.12,3
24-03-2023,Toys,36.83,14.88,Premium,3063.9,39,856.05,3
25-03-2023,Toys,229.75,28.25,Regular,2401.81,27,5440.5,3
26-03-2023,Electronics,238.76,34.44,Premium,1383.82,34,6946.88,3
27-03-2023,Electronics,675.17,43.67,Premium,2638.98,34,21471,3
28-03-2023,Electronics,29.51,31.81,Regular,3617.67,33,-75.9,3
29-03-2023,Electronics,113.07,38.06,Occasional,6772.54,34,2550.34,3
30-03-2023,Sports,801.92,8,Premium,719.39,33,26199.36,3
31-03-2023,Home Decor,186.76,23.08,Occasional,2184.02,25,4092,3
01-04-2023,Home Decor,656.22,0.47,Occasional,8109.33,31,20328.25,4
02-04-2023,Electronics,245.8,12.33,Regular,1554.53,22,5136.34,4
03-04-2023,Home Decor,108.45,36.32,Regular,3492.19,35,2524.55,4
04-04-2023,Home Decor,250.74,49.59,Regular,8660.12,29,5833.35,4
05-04-2023,Electronics,725.04,4.96,Premium,1633.76,34,24482.72,4
06-04-2023,Home Decor,857.14,20.07,Regular,919.09,31,25949.17,4
07-04-2023,Toys,831.92,40,Regular,4896.93,27,21381.84,4
08-04-2023,Fashion,403.21,10.2,Premium,3093.95,31,12183.31,4
09-04-2023,Fashion,671.4,27.75,Premium,5677.74,28,18022.2,4
10-04-2023,Electronics,212.93,36.65,Regular,8057.67,37,6522.36,4
11-04-2023,Sports,300.22,30.8,Regular,1457.77,32,8621.44,4
12-04-2023,Electronics,897.37,9.4,Regular,5848.92,18,15983.46,4
13-04-2023,Sports,22.87,17.77,Regular,5104.54,28,142.8,4
14-04-2023,Fashion,94.65,39.19,Occasional,1526.38,35,1941.1,4
15-04-2023,Electronics,215.81,27.71,Occasional,6277.59,35,6583.5,4
16-04-2023,Toys,36.27,0.26,Regular,2809.04,18,648.18,4
17-04-2023,Home Decor,189.62,38.05,Occasional,4929.56,31,4698.67,4
18-04-2023,Sports,587.21,1.77,Premium,914.5,24,14050.56,4
19-04-2023,Home Decor,427.21,37.29,Occasional,4649.88,36,14037.12,4
20-04-2023,Home Decor,893.74,10.12,Occasional,3133.99,22,19439.64,4
21-04-2023,Electronics,819.27,47.9,Regular,8241.57,29,22369.73,4
22-04-2023,Home Decor,348.4,18.4,Occasional,664.09,30,9900,4
23-04-2023,Toys,266.83,16.35,Occasional,4244.21,23,5761.04,4
24-04-2023,Home Decor,385.9,7.44,Occasional,4638.47,22,8326.12,4
25-04-2023,Electronics,594.39,15.28,Occasional,7277.56,39,22585.29,4
26-04-2023,Toys,275.38,43.83,Premium,5785.45,19,4399.45,4
27-04-2023,Fashion,627.91,49.82,Regular,6705.4,28,16186.52,4
28-04-2023,Home Decor,415.32,18.42,Regular,7792.79,40,15876,4
29-04-2023,Electronics,556.53,22.43,Premium,8635.81,24,12818.4,4
30-04-2023,Fashion,441.77,36.1,Occasional,3207.37,24,9736.08,4
01-05-2023,Fashion,301.52,44.31,Premium,5426.42,33,8487.93,5
02-05-2023,Sports,948.97,29.65,Occasional,8417.07,29,26660.28,5
03-05-2023,Toys,765.97,19.58,Premium,9895.57,30,22391.7,5
04-05-2023,Home Decor,148.71,20.63,Regular,8906.24,37,4738.96,5
05-05-2023,Electronics,869.78,34.78,Regular,3777.53,37,30895,5
06-05-2023,Sports,492.56,0.16,Regular,2032.15,22,10832.8,5
07-05-2023,Toys,895.61,30.98,Occasional,4944.99,24,20751.12,5
08-05-2023,Sports,801.86,17.77,Occasional,7442.25,19,14897.71,5
09-05-2023,Toys,430.96,39.71,Premium,4976.43,22,8607.5,5
10-05-2023,Toys,32.24,4.65,Premium,4883.49,46,1269.14,5
11-05-2023,Home Decor,275.99,29.41,Regular,8398.48,34,8383.72,5
12-05-2023,Toys,546.22,24.05,Occasional,3677.9,30,15665.1,5
13-05-2023,Sports,637.14,32.12,Premium,8611.97,33,19965.66,5
14-05-2023,Toys,265.31,3.24,Occasional,4127.37,13,3406.91,5
15-05-2023,Home Decor,147.96,29,Occasional,3349.51,31,3687.76,5
16-05-2023,Home Decor,836.58,28.07,Regular,4594.5,31,25063.81,5
17-05-2023,Sports,984.56,28.03,Regular,7648.22,47,44956.91,5
18-05-2023,Fashion,530.43,30.17,Occasional,1347.42,22,11005.72,5
19-05-2023,Fashion,179.96,33.82,Occasional,2044.55,50,7307,5
20-05-2023,Toys,279.58,40.25,Occasional,9519.3,24,5743.92,5
21-05-2023,Electronics,28.21,13.49,Occasional,1837.37,32,471.04,5
22-05-2023,Toys,915.16,41.25,Regular,5720.5,35,30586.85,5
23-05-2023,Sports,126.57,24.91,Premium,5835.21,35,3558.1,5
24-05-2023,Sports,580.75,3.85,Regular,4947.28,31,17883.9,5
25-05-2023,Sports,281.31,2.93,Premium,6482.98,34,9464.92,5
26-05-2023,Sports,558.64,16.71,Occasional,2375.28,22,11922.46,5
27-05-2023,Sports,654.91,39.24,Premium,5571.36,38,23395.46,5
28-05-2023,Home Decor,831.44,35.38,Regular,3784.52,29,23085.74,5
29-05-2023,Fashion,214.36,39.43,Regular,6650.51,41,7172.13,5
30-05-2023,Sports,20.89,25.86,Occasional,1498.11,24,-119.28,5
31-05-2023,Electronics,145.52,22.01,Regular,5751.69,36,4446.36,5
01-06-2023,Electronics,901.02,7.37,Occasional,1934.18,29,25915.85,6
02-06-2023,Electronics,875.15,16.41,Regular,2858.57,22,18892.28,6
03-06-2023,Electronics,601.44,21.7,Regular,2265.23,25,14493.5,6
04-06-2023,Home Decor,604.51,4.43,Occasional,1910.09,28,16802.24,6
05-06-2023,Electronics,668.39,11.03,Premium,8274.54,34,22350.24,6
06-06-2023,Sports,183.62,29.91,Regular,2928.5,17,2613.07,6
07-06-2023,Toys,915.27,36.78,Premium,9278.53,21,18448.29,6
08-06-2023,Electronics,424.58,49.92,Regular,9702.27,27,10115.82,6
09-06-2023,Home Decor,389.31,46.66,Regular,5755.48,38,13020.7,6
10-06-2023,Home Decor,523.73,32.13,Regular,1515.71,26,12781.6,6
11-06-2023,Electronics,56.5,21.06,Regular,3808.03,23,815.12,6
12-06-2023,Toys,174.62,31.81,Premium,7997.55,23,3284.63,6
13-06-2023,Electronics,740.65,39.28,Premium,3737.17,24,16832.88,6
14-06-2023,Home Decor,91.97,5.92,Regular,961.47,28,2409.4,6
15-06-2023,Fashion,607.12,20.5,Regular,5612.17,18,10559.16,6
16-06-2023,Sports,252.9,41.99,Premium,8466.7,42,8858.22,6
17-06-2023,Home Decor,395.4,19.19,Occasional,7979.67,45,16929.45,6
18-06-2023,Electronics,295.81,28.59,Occasional,1833.72,23,6146.06,6
19-06-2023,Sports,362.12,29.39,Premium,6760.37,38,12643.74,6
20-06-2023,Electronics,721.86,9.22,Regular,2282.99,22,15678.08,6
21-06-2023,Electronics,304.15,18.11,Regular,2260.25,43,12299.72,6
22-06-2023,Fashion,570.74,16.73,Occasional,8753.31,33,18282.33,6
23-06-2023,Sports,481.29,1.31,Occasional,2571.72,24,11519.52,6
24-06-2023,Sports,667.03,1.21,Premium,2706.15,25,16645.5,6
25-06-2023,Fashion,937.46,41.58,Occasional,106.47,37,33147.56,6
26-06-2023,Home Decor,735.25,13.65,Premium,8719.62,37,26699.2,6
27-06-2023,Electronics,222.79,25.9,Occasional,7946.69,31,6103.59,6
28-06-2023,Toys,40.87,14.94,Occasional,6310.56,23,596.39,6
29-06-2023,Electronics,269.64,47.03,Occasional,7527.63,34,7568.74,6
30-06-2023,Electronics,599.13,12.96,Regular,1605.28,38,22274.46,6
01-07-2023,Home Decor,60.91,21.48,Regular,4637.4,34,1340.62,7
02-07-2023,Electronics,501.4,43.64,Regular,3577.07,18,8239.68,7
03-07-2023,Fashion,600.87,42.1,Occasional,1028.39,24,13410.48,7
04-07-2023,Fashion,340.9,9.31,Premium,4912.69,29,9616.11,7
05-07-2023,Sports,773.2,40.13,Premium,9215.32,38,27856.66,7
06-07-2023,Toys,115.53,22.91,Premium,496.59,38,3519.56,7
07-07-2023,Electronics,84.39,24.15,Premium,2985.46,24,1445.76,7
08-07-2023,Electronics,730.91,6.67,Regular,2154.66,25,18106,7
09-07-2023,Home Decor,500.54,4.03,Regular,2457.65,34,16881.34,7
10-07-2023,Fashion,691.52,36.4,Occasional,9093.5,31,20308.72,7
11-07-2023,Toys,440.48,24.82,Occasional,4733.88,18,7481.88,7
12-07-2023,Sports,253.94,21.84,Premium,4716.36,39,9051.9,7
13-07-2023,Fashion,820.91,36.48,Regular,7629.7,26,20395.18,7
14-07-2023,Sports,801.42,38.28,Premium,1629.47,38,28999.32,7
15-07-2023,Home Decor,697.75,7.95,Occasional,4923.93,38,26212.4,7
16-07-2023,Home Decor,279.42,30.51,Occasional,4356.85,26,6471.66,7
17-07-2023,Electronics,594.33,6.77,Premium,6009.42,20,11751.2,7
18-07-2023,Toys,367.36,37.57,Occasional,9995.62,38,12532.02,7
19-07-2023,Sports,100.67,32.85,Premium,7717.54,33,2238.06,7
20-07-2023,Fashion,918.14,47.83,Regular,4038.87,24,20887.44,7
21-07-2023,Home Decor,145.45,3.45,Premium,8292.78,31,4402,7
22-07-2023,Electronics,950.73,2.85,Regular,1790.01,32,30332.16,7
23-07-2023,Electronics,451.55,14.11,Regular,401.59,24,10498.56,7
24-07-2023,Sports,193.28,13.09,Occasional,2124.04,28,5045.32,7
25-07-2023,Home Decor,546.48,12.35,Occasional,3470.07,41,21899.33,7
26-07-2023,Toys,874.22,45.31,Occasional,5154.75,43,35643.13,7
27-07-2023,Home Decor,734.9,12.48,Premium,6189.78,34,24562.28,7
28-07-2023,Sports,808.5,13.6,Premium,9115,18,14308.2,7
29-07-2023,Sports,662.2,37.97,Occasional,5147.55,27,16854.21,7
30-07-2023,Home Decor,695.35,22.49,Premium,5062.63,37,24895.82,7
31-07-2023,Sports,850.7,38.84,Occasional,597.41,33,26791.38,7
01-08-2023,Home Decor,257.17,3.27,Premium,445.62,41,10409.9,8
02-08-2023,Fashion,494.53,24.38,Regular,5556.48,30,14104.5,8
03-08-2023,Home Decor,229,1.68,Regular,4437.97,35,7956.2,8
04-08-2023,Home Decor,987.79,3.13,Occasional,8407.89,27,26585.82,8
05-08-2023,Sports,944.62,45.32,Premium,1690.73,39,35072.7,8
06-08-2023,Sports,49.03,6.96,Premium,347.22,33,1388.31,8
07-08-2023,Electronics,708.52,26.62,Regular,4545.48,33,22502.7,8
08-08-2023,Electronics,926,20.55,Regular,2451.04,29,26258.05,8
09-08-2023,Fashion,188.77,17.37,Occasional,591.18,24,4113.6,8
10-08-2023,Electronics,572.27,44.99,Regular,7273.52,29,15291.12,8
11-08-2023,Home Decor,916.33,1.09,Occasional,1204.77,29,26541.96,8
12-08-2023,Sports,43.61,33.19,Regular,6122.36,34,354.28,8
13-08-2023,Electronics,700.45,48.17,Regular,2882.39,30,19568.4,8
14-08-2023,Electronics,304.38,28.01,Premium,1817.61,34,9396.58,8
15-08-2023,Fashion,925.15,46.84,Regular,3859.54,38,33375.78,8
16-08-2023,Fashion,971.35,2.61,Regular,8034.31,33,31968.42,8
17-08-2023,Home Decor,944.82,20.94,Occasional,3981.73,23,21249.24,8
18-08-2023,Sports,479.47,13.01,Regular,7532.62,29,13527.34,8
19-08-2023,Fashion,863.42,36.54,Occasional,1342.31,34,28113.92,8
20-08-2023,Electronics,846.1,49.06,Regular,7750.44,23,18331.92,8
21-08-2023,Sports,325.91,12.83,Regular,2445.64,44,13775.52,8
22-08-2023,Sports,830.63,32.71,Occasional,6806.19,23,18352.16,8
23-08-2023,Electronics,46.64,9.9,Premium,5701.24,38,1396.12,8
24-08-2023,Fashion,600.31,28.27,Occasional,9298.53,37,21165.48,8
25-08-2023,Electronics,237.71,23.2,Occasional,3934.49,17,3646.67,8
26-08-2023,Sports,129.36,48.6,Occasional,755.04,26,2099.76,8
27-08-2023,Toys,86.18,30.43,Premium,289.64,37,2062.75,8
28-08-2023,Toys,699.33,17.48,Regular,8285.9,21,14318.85,8
29-08-2023,Home Decor,346.48,5.7,Occasional,5294.88,29,9882.62,8
30-08-2023,Electronics,727.52,7.56,Occasional,7774.92,26,18718.96,8
31-08-2023,Electronics,74.7,11.27,Premium,2420.81,29,1839.47,8
01-09-2023,Home Decor,322.14,12.55,Occasional,3516.33,33,10216.47,9
02-09-2023,Home Decor,544.1,42.53,Regular,398.03,29,14545.53,9
03-09-2023,Home Decor,792.82,28.06,Premium,9618.77,31,23707.56,9
04-09-2023,Sports,325.56,26.17,Regular,6711.89,30,8981.7,9
05-09-2023,Electronics,629.63,5.74,Regular,9338.73,35,21836.15,9
06-09-2023,Sports,887.12,43.01,Premium,2728.41,23,19414.53,9
07-09-2023,Home Decor,619.7,36.14,Occasional,6153.49,30,17506.8,9
08-09-2023,Electronics,240.63,3.38,Regular,6817.15,41,9727.25,9
09-09-2023,Sports,34.16,35.39,Regular,3243.74,19,-23.37,9
10-09-2023,Sports,871.4,27.18,Regular,8496.28,30,25326.6,9
11-09-2023,Home Decor,31.06,4.09,Regular,9476.9,29,782.13,9
12-09-2023,Electronics,875.95,22.92,Premium,8860.07,40,34121.2,9
13-09-2023,Home Decor,533.65,24.23,Premium,7416.76,30,15282.6,9
14-09-2023,Electronics,939.68,8.29,Regular,2846.9,27,25147.53,9
15-09-2023,Toys,800.8,47.28,Occasional,2888,23,17330.96,9
16-09-2023,Fashion,997.95,42.5,Regular,9637.27,35,33440.75,9
17-09-2023,Fashion,357.2,33.45,Occasional,201.82,35,11331.25,9
18-09-2023,Fashion,769.52,23.11,Regular,7188.89,35,26124.35,9
19-09-2023,Home Decor,407.91,20.59,Occasional,7091.84,5,1936.6,9
20-09-2023,Toys,485.08,32.55,Regular,6264.63,27,12218.31,9
21-09-2023,Electronics,631.23,27.27,Occasional,9902.08,28,16910.88,9
22-09-2023,Sports,874.94,3.11,Regular,3187.61,14,12205.62,9
23-09-2023,Electronics,984.24,25.63,Regular,3465.72,22,21089.42,9
24-09-2023,Sports,770.59,40.32,Occasional,881.5,22,16065.94,9
25-09-2023,Electronics,423.59,22.96,Premium,4483.7,31,12419.53,9
26-09-2023,Toys,427.14,2.6,Occasional,2684.38,26,11038.04,9
27-09-2023,Sports,740.21,39.31,Premium,3499.53,26,18223.4,9
28-09-2023,Home Decor,246.39,10.07,Regular,8362.26,25,5908,9
29-09-2023,Electronics,119.37,12.93,Occasional,9361.3,19,2022.36,9
30-09-2023,Electronics,361.08,8.24,Occasional,1938.76,14,4939.76,9
01-10-2023,Sports,294.37,16.51,Occasional,3787.84,31,8613.66,10
02-10-2023,Home Decor,303.35,37.84,Premium,9293.44,32,8496.32,10
03-10-2023,Home Decor,241.27,25.97,Premium,711.9,39,8396.7,10
04-10-2023,Toys,51.67,10.24,Regular,1014.37,28,1160.04,10
05-10-2023,Home Decor,27.7,43.89,Premium,1711.63,23,-372.37,10
06-10-2023,Home Decor,987.85,43.98,Premium,5992.61,35,33035.45,10
07-10-2023,Home Decor,433.5,43.53,Regular,1589.68,30,11699.1,10
08-10-2023,Fashion,390.48,11.94,Occasional,9683.96,37,14005.98,10
09-10-2023,Toys,682.85,22.56,Occasional,4522.47,36,23770.44,10
10-10-2023,Electronics,226.07,49.25,Regular,5065.03,38,6719.16,10
11-10-2023,Sports,950.46,38.6,Occasional,2541.92,30,27355.8,10
12-10-2023,Electronics,788.48,1.36,Premium,4762.51,26,20465.12,10
13-10-2023,Toys,98.52,3.26,Regular,6652.94,19,1809.94,10
14-10-2023,Sports,423.4,23.2,Regular,7536.65,43,17208.6,10
15-10-2023,Toys,880.33,45.46,Regular,7563.29,22,18367.14,10
16-10-2023,Home Decor,945.28,26.94,Occasional,5821.12,35,32141.9,10
17-10-2023,Sports,472.73,24.89,Regular,9053.16,37,16570.08,10
18-10-2023,Home Decor,617.28,5.27,Regular,8192.34,36,22032.36,10
19-10-2023,Electronics,175.36,32.84,Regular,7594.78,23,3277.96,10
20-10-2023,Electronics,991.26,41.11,Occasional,650.49,15,14252.25,10
21-10-2023,Sports,239.35,19.02,Premium,168.09,36,7931.88,10
22-10-2023,Sports,943.3,38.78,Regular,2203.23,38,34371.76,10
23-10-2023,Toys,653.15,48.22,Premium,6668.88,32,19357.76,10
24-10-2023,Toys,611.66,10.19,Occasional,4170.86,26,15638.22,10
25-10-2023,Home Decor,517.56,26.17,Occasional,4083.82,33,16215.87,10
26-10-2023,Sports,238.36,14.36,Occasional,8857.41,29,6496,10
27-10-2023,Electronics,184.76,39.64,Occasional,8966.07,34,4934.08,10
28-10-2023,Toys,228.28,28.88,Premium,9100.84,22,4386.8,10
29-10-2023,Toys,194.57,31.73,Regular,3207.39,22,3582.48,10
30-10-2023,Electronics,781.79,39.9,Occasional,6941.45,39,28933.71,10
31-10-2023,Toys,356.62,19.8,Occasional,2789.17,35,11788.7,10
01-11-2023,Home Decor,67.26,45.75,Premium,1987.04,41,881.91,11
02-11-2023,Sports,969.41,26.65,Premium,1927.86,28,26397.28,11
03-11-2023,Electronics,884.95,7.9,Occasional,3486.87,27,23680.35,11
04-11-2023,Sports,928.47,34.79,Regular,4356.58,34,30385.12,11
05-11-2023,Toys,994.96,39.66,Regular,8326.4,39,37256.7,11
06-11-2023,Toys,182.16,15.84,Occasional,1286.92,36,5987.52,11
07-11-2023,Electronics,402.28,42.86,Premium,7375.77,18,6469.56,11
08-11-2023,Home Decor,760.66,45.31,Occasional,5361.4,29,20745.15,11
09-11-2023,Fashion,699.06,13.85,Occasional,2950.66,25,17130.25,11
10-11-2023,Electronics,162.36,49.18,Premium,4978.91,29,3282.22,11
11-11-2023,Fashion,817.67,7.04,Occasional,3069.43,17,13780.71,11
12-11-2023,Fashion,232.2,10.1,Occasional,6001.21,33,7329.3,11
13-11-2023,Home Decor,231.58,9.21,Occasional,4395.05,34,7560.58,11
14-11-2023,Fashion,541.6,44.7,Premium,1727.61,29,14410.1,11
15-11-2023,Fashion,597.01,32.71,Regular,1254.17,18,10157.4,11
16-11-2023,Home Decor,584.29,7.61,Regular,5512.29,18,10380.24,11
17-11-2023,Fashion,100.57,22.02,Premium,9033.89,22,1728.1,11
18-11-2023,Fashion,878.69,30.76,Regular,3505.18,14,11871.02,11
19-11-2023,Fashion,272.94,4.17,Occasional,7356.7,38,10213.26,11
20-11-2023,Electronics,138.22,44.12,Regular,6620.75,33,3105.3,11
21-11-2023,Electronics,889.86,40.18,Occasional,9322.39,29,24640.72,11
22-11-2023,Electronics,956.09,25.26,Regular,8227.71,27,25132.41,11
23-11-2023,Home Decor,863.51,48.36,Premium,5709.39,32,26084.8,11
24-11-2023,Toys,811.42,20.89,Regular,6604.6,31,24506.43,11
25-11-2023,Fashion,658.69,49.21,Regular,8994.03,30,18284.4,11
26-11-2023,Fashion,555.35,33.4,Regular,4055.24,38,19834.1,11
27-11-2023,Home Decor,96.12,31.73,Premium,3335.27,37,2382.43,11
28-11-2023,Fashion,414.37,8.3,Regular,207.03,46,18679.22,11
29-11-2023,Electronics,378.96,44.1,Premium,8282.86,24,8036.64,11
30-11-2023,Toys,267.16,21.37,Occasional,8029.71,23,5653.17,11
01-12-2023,Sports,726.19,8.11,Regular,1134.1,45,32313.6,12
02-12-2023,Fashion,500.92,0.63,Premium,5810.89,32,16009.28,12
03-12-2023,Electronics,90.24,27.99,Premium,4693.42,37,2303.25,12
04-12-2023,Sports,227.98,26.37,Regular,1275.22,36,7257.96,12
05-12-2023,Toys,686.43,35.97,Occasional,9807.63,32,20814.72,12
06-12-2023,Sports,85.37,44.51,Premium,2225.49,32,1307.52,12
07-12-2023,Electronics,852.69,3.97,Regular,765.62,21,17823.12,12
08-12-2023,Sports,500.2,36.57,Occasional,5988.99,23,10663.49,12
09-12-2023,Home Decor,485.78,9.37,Premium,7414.78,24,11433.84,12
10-12-2023,Sports,596.48,42.91,Premium,421.19,24,13285.68,12
11-12-2023,Fashion,826.43,40.95,Occasional,6621.3,23,18066.04,12
12-12-2023,Fashion,354.33,27.04,Occasional,5369.69,31,10145.99,12
13-12-2023,Home Decor,681.24,35.51,Regular,1122.32,30,19371.9,12
14-12-2023,Electronics,570.07,15.72,Regular,1807.99,16,8869.6,12
15-12-2023,Fashion,274.36,23.56,Premium,5722.95,38,9530.4,12
16-12-2023,Toys,879.84,41.08,Occasional,3033.94,21,17613.96,12
17-12-2023,Fashion,799.45,22.96,Occasional,9389.33,14,10870.86,12
18-12-2023,Fashion,661.87,17.89,Occasional,8205.53,33,21251.34,12
19-12-2023,Electronics,852.08,24.71,Premium,9837.32,36,29785.32,12
20-12-2023,Sports,868.62,41.41,Occasional,2670.74,31,25643.51,12
21-12-2023,Fashion,711.28,16.76,Occasional,9700.26,25,17363,12
22-12-2023,Home Decor,838.64,8.69,Premium,4369.22,47,39007.65,12
23-12-2023,Sports,700.5,35.6,Regular,3540.44,37,24601.3,12
24-12-2023,Toys,683.34,41.3,Regular,598.46,43,27607.72,12
25-12-2023,Electronics,622.43,5.03,Premium,622.38,43,26548.2,12
26-12-2023,Toys,755.19,11.99,Occasional,6950.91,31,23039.2,12
27-12-2023,Sports,167.02,7.1,Premium,4633.5,24,3838.08,12
28-12-2023,Sports,882.06,17.4,Regular,2342.56,28,24210.48,12
29-12-2023,Sports,873.13,22.52,Regular,6178.31,20,17012.2,12
30-12-2023,Toys,38.95,37.44,Premium,2603.3,33,49.83,12
31-12-2023,Sports,827.56,32.56,Premium,5818.55,20,15900,12
01-01-2024,Toys,137.58,31.05,Regular,3656.17,28,2982.84,1
02-01-2024,Sports,341.77,17.62,Premium,8253.17,31,10048.65,1
03-01-2024,Home Decor,746.07,42.07,Regular,8224.89,32,22528,1
04-01-2024,Sports,169.15,23.56,Premium,4825.77,46,6697.14,1
05-01-2024,Toys,819.79,48.96,Premium,3573.11,25,19270.75,1
06-01-2024,Fashion,833.81,31.71,Premium,3689.34,29,23260.9,1
07-01-2024,Sports,512.39,6.31,Regular,8076.57,33,16700.64,1
08-01-2024,Fashion,16.32,33.81,Premium,3348.98,38,-664.62,1
09-01-2024,Home Decor,294.17,16.26,Regular,2169.69,24,6669.84,1
10-01-2024,Electronics,620.76,34.32,Regular,938.41,44,25803.36,1
11-01-2024,Home Decor,981.37,3.48,Premium,4720.26,14,13690.46,1
12-01-2024,Sports,635.5,8.74,Premium,4873.11,32,20056.32,1
13-01-2024,Fashion,267.21,42.79,Regular,8425,20,4488.4,1
14-01-2024,Fashion,637.67,11.36,Regular,2290.26,33,20668.23,1
15-01-2024,Toys,544.59,41.85,Occasional,3871.81,26,13071.24,1
16-01-2024,Fashion,782.05,13.96,Regular,8103.22,35,26883.15,1
17-01-2024,Toys,115.91,32.14,Occasional,8253.87,37,3099.49,1
18-01-2024,Electronics,763.42,34.71,Occasional,3907.65,27,19675.17,1
19-01-2024,Sports,545.85,25.63,Occasional,4645.33,23,11965.06,1
20-01-2024,Toys,963.36,15.27,Premium,3102.53,24,22754.16,1
21-01-2024,Electronics,348.45,10.63,Premium,9332.29,30,10134.6,1
22-01-2024,Fashion,636.3,1.66,Regular,1274.57,38,24116.32,1
23-01-2024,Fashion,932.71,15.2,Occasional,9344.12,34,31195.34,1
24-01-2024,Electronics,111.48,32.66,Premium,6870.28,40,3152.8,1
25-01-2024,Fashion,937.86,46.92,Premium,5362.56,18,16036.92,1
26-01-2024,Electronics,691.01,43.56,Premium,423.32,29,18776.05,1
27-01-2024,Toys,77.16,38.3,Premium,4808.4,42,1632.12,1
28-01-2024,Toys,307.95,39.42,Premium,4136.71,26,6981.78,1
29-01-2024,Electronics,711.09,33.25,Occasional,1696.07,18,12201.12,1
30-01-2024,Toys,76.68,13.01,Occasional,6598.46,24,1528.08,1
31-01-2024,Toys,586.35,45.36,Occasional,9714.39,27,14606.73,1
01-02-2024,Toys,352.42,33.54,Occasional,5665.67,19,6058.72,2
02-02-2024,Home Decor,624.71,28.02,Regular,7176.06,31,18497.39,2
03-02-2024,Sports,55.28,5.55,Occasional,777.66,24,1193.52,2
04-02-2024,Fashion,872.82,22.35,Premium,4234.9,28,23813.16,2
05-02-2024,Home Decor,973.75,23.02,Occasional,1251.95,24,22817.52,2
06-02-2024,Toys,969.19,43.23,Regular,6166.68,26,24074.96,2
07-02-2024,Electronics,752.16,27.33,Premium,9390.97,34,24644.22,2
08-02-2024,Toys,138.79,19.02,Occasional,6651.6,17,2036.09,2
09-02-2024,Sports,760.68,48.84,Occasional,860.35,26,18507.84,2
10-02-2024,Toys,34.34,5.54,Occasional,3611.2,26,748.8,2
11-02-2024,Electronics,31.9,21.13,Premium,5551.57,36,387.72,2
12-02-2024,Sports,330.37,2.1,Premium,4091.76,32,10504.64,2
13-02-2024,Toys,493.76,37,Regular,8353.08,34,15529.84,2
14-02-2024,Sports,772.7,45.9,Premium,8165.24,45,32706,2
15-02-2024,Fashion,686.46,14,Premium,6157.13,22,14794.12,2
16-02-2024,Fashion,451.44,42.92,Occasional,3797.23,31,12664.12,2
17-02-2024,Toys,280.89,14.61,Premium,2627.83,32,8520.96,2
18-02-2024,Sports,997.15,45.54,Occasional,1148.16,21,19983.81,2
19-02-2024,Electronics,431.92,37.7,Occasional,3613.49,20,7884.4,2
20-02-2024,Toys,456.87,40.25,Premium,4190.41,26,10832.12,2
21-02-2024,Fashion,171.99,0.9,Regular,6790.65,26,4448.34,2
22-02-2024,Fashion,796.86,48.14,Regular,6615.78,30,22461.6,2
23-02-2024,Toys,696.75,36.33,Premium,794.07,33,21793.86,2
24-02-2024,Sports,228.56,15.24,Regular,4013.07,36,7679.52,2
25-02-2024,Fashion,91.56,41.47,Occasional,1899.61,19,951.71,2
26-02-2024,Sports,683.69,14.08,Occasional,1652.45,27,18079.47,2
27-02-2024,Fashion,657.97,43.64,Premium,8290.29,31,19044.23,2
28-02-2024,Fashion,280.53,5.63,Regular,514.96,28,7697.2,2
29-02-2024,Home Decor,951.35,35.18,Regular,4249.91,20,18323.4,2
01-03-2024,Fashion,159.55,27.03,Occasional,1765.22,35,4638.2,3
02-03-2024,Electronics,438.01,4.83,Premium,8805.37,26,11262.68,3
03-03-2024,Toys,944.18,12.09,Regular,5614.7,32,29826.88,3
04-03-2024,Toys,425.53,0.62,Premium,2390.67,39,16571.49,3
05-03-2024,Sports,642.14,23.44,Regular,5074.03,40,24748,3
06-03-2024,Fashion,403.62,15.06,Occasional,7341.71,17,6605.52,3
07-03-2024,Electronics,281.47,29.92,Occasional,9585.37,29,7294.95,3
08-03-2024,Sports,984.14,14.86,Premium,2282.42,34,32955.52,3
09-03-2024,Home Decor,415.24,15,Occasional,8873.2,35,14008.4,3
10-03-2024,Sports,895.16,37.16,Regular,9349.61,14,12012,3
11-03-2024,Sports,237.66,2.41,Occasional,9172.56,37,8704.25,3
12-03-2024,Fashion,220.97,45.14,Premium,6390.6,20,3516.6,3
13-03-2024,Home Decor,40.82,42.61,Premium,6335.22,15,-26.85,3
14-03-2024,Sports,655.15,33.39,Premium,4091.79,26,16165.76,3
15-03-2024,Electronics,374.84,29.66,Regular,7548.74,32,11045.76,3
16-03-2024,Electronics,865.71,44.62,Regular,5359.81,40,32843.6,3
17-03-2024,Toys,478.48,9.27,Regular,6806.64,26,12199.46,3
18-03-2024,Home Decor,968.51,3.95,Regular,4341.73,25,24114,3
19-03-2024,Home Decor,193.67,11.98,Regular,7341.81,33,5995.77,3
20-03-2024,Toys,869.94,39.73,Occasional,8262.27,15,12453.15,3
21-03-2024,Sports,778.83,1.73,Regular,1549.72,26,20204.6,3
22-03-2024,Home Decor,773.21,29.14,Regular,8346,23,17113.61,3
23-03-2024,Electronics,846.34,49.77,Occasional,5448.94,36,28676.52,3
24-03-2024,Electronics,763.41,42.78,Regular,8462.19,19,13691.97,3
25-03-2024,Fashion,629.96,26.07,Premium,4369.89,33,19928.37,3
26-03-2024,Home Decor,139.93,3.18,Regular,3852.5,30,4102.5,3
27-03-2024,Sports,42.2,41.57,Regular,9159.1,28,17.64,3
28-03-2024,Toys,921.64,29.95,Premium,2586.58,30,26750.7,3
29-03-2024,Toys,620.48,5.75,Premium,8457.7,26,15982.98,3
30-03-2024,Sports,798.57,4.69,Premium,4891.8,20,15877.6,3
31-03-2024,Fashion,486.71,45.48,Premium,5189.54,31,13678.13,3
01-04-2024,Toys,126.14,33.46,Regular,3153.84,31,2873.08,4
02-04-2024,Home Decor,133.93,41.46,Premium,5773.12,26,2404.22,4
03-04-2024,Fashion,688.71,43.95,Premium,3319.59,33,21277.08,4
04-04-2024,Home Decor,436,28.59,Occasional,488.77,29,11814.89,4
05-04-2024,Electronics,208.52,25.87,Premium,2792.79,24,4383.6,4
06-04-2024,Fashion,496.68,21.52,Premium,163.15,30,14254.8,4
07-04-2024,Toys,73.57,15.85,Occasional,9785.71,27,1558.44,4
08-04-2024,Fashion,586.15,21.73,Occasional,9660.9,30,16932.6,4
09-04-2024,Fashion,276.3,38.69,Regular,4012.04,22,5227.42,4
10-04-2024,Fashion,799.58,30.1,Occasional,7310.87,31,23853.88,4
11-04-2024,Fashion,317.26,44.63,Regular,3523.48,18,4907.34,4
12-04-2024,Home Decor,460.67,22.17,Occasional,6743.82,21,9208.5,4
13-04-2024,Electronics,21.5,30.35,Occasional,8073.76,35,-309.75,4
14-04-2024,Sports,81.72,31.57,Regular,9472.89,29,1454.35,4
15-04-2024,Fashion,398.57,29.58,Occasional,4062.1,24,8855.76,4
16-04-2024,Toys,485.14,35.13,Regular,7854.65,26,11700.26,4
17-04-2024,Fashion,604.02,11.87,Occasional,2732.69,39,23093.85,4
18-04-2024,Toys,298.75,25.62,Premium,9904.29,26,7101.38,4
19-04-2024,Home Decor,698.03,5.21,Occasional,355.12,38,26327.16,4
20-04-2024,Toys,861.52,19.23,Regular,6074.94,39,32849.31,4
21-04-2024,Sports,782.05,24.38,Occasional,6629.11,43,32579.81,4
22-04-2024,Electronics,49.22,32.61,Regular,6911.65,27,448.47,4
23-04-2024,Toys,485.7,47.53,Regular,1291.84,21,9201.57,4
24-04-2024,Toys,113.88,30.03,Premium,9391.44,27,2263.95,4
25-04-2024,Electronics,249.62,37.18,Premium,1893.71,35,7435.4,4
26-04-2024,Sports,986.8,25.31,Regular,6265.26,24,23075.76,4
27-04-2024,Fashion,151.07,31.71,Occasional,2304.49,25,2984,4
28-04-2024,Toys,503.9,3.55,Regular,3141.44,33,16511.55,4
29-04-2024,Electronics,621.97,12.72,Regular,5509.94,27,16449.75,4
30-04-2024,Home Decor,705.44,18.09,Occasional,4230.21,16,10997.6,4
01-05-2024,Electronics,564.05,23.62,Occasional,1686.23,19,10268.17,5
02-05-2024,Home Decor,19.67,2.28,Occasional,1792.27,24,417.36,5
03-05-2024,Sports,333.2,7,Occasional,4239.63,16,5219.2,5
04-05-2024,Fashion,522.53,13.84,Regular,7597.1,44,22382.36,5
05-05-2024,Electronics,96.99,48.58,Regular,8989.85,18,871.38,5
06-05-2024,Toys,357.12,16.57,Premium,932.86,38,12940.9,5
07-05-2024,Sports,42.87,24.1,Regular,3991.73,27,506.79,5
08-05-2024,Electronics,87.79,9.8,Occasional,1092.43,26,2027.74,5
09-05-2024,Toys,402.95,30.54,Premium,264.27,26,9682.66,5
10-05-2024,Electronics,141.39,14.03,Occasional,6651.01,26,3311.36,5
11-05-2024,Home Decor,571.87,10.35,Regular,6064.25,38,21337.76,5
12-05-2024,Electronics,692.57,25.83,Premium,1713.89,28,18668.72,5
13-05-2024,Electronics,802.58,0.28,Occasional,2414.75,22,17650.6,5
14-05-2024,Electronics,208.15,0.38,Premium,334.71,34,7064.18,5
15-05-2024,Sports,175.81,10.95,Premium,8365.98,24,3956.64,5
16-05-2024,Electronics,113.52,1.84,Regular,9749.44,40,4467.2,5
17-05-2024,Toys,640.07,5.4,Occasional,1441.05,35,22213.45,5
18-05-2024,Home Decor,709.41,16.94,Premium,2391.6,31,21466.57,5
19-05-2024,Home Decor,41.27,40.13,Premium,8697.25,26,29.64,5
20-05-2024,Electronics,936.85,28.6,Occasional,9271.99,30,27247.5,5
21-05-2024,Sports,61.45,25.63,Premium,4254.31,28,1002.96,5
22-05-2024,Sports,545.88,14.67,Premium,601.16,16,8499.36,5
23-05-2024,Toys,711.97,46.59,Premium,489.98,31,20626.78,5
24-05-2024,Electronics,872.26,19.85,Occasional,5782.1,21,17900.61,5
25-05-2024,Home Decor,716.95,4.35,Occasional,3989.66,32,22803.2,5
26-05-2024,Sports,803.71,30.85,Occasional,383.66,43,33232.98,5
27-05-2024,Electronics,346.06,5.69,Occasional,5874.2,35,11912.95,5
28-05-2024,Sports,816.68,17.26,Regular,211.9,21,16787.82,5
29-05-2024,Sports,89.31,25.37,Premium,7894.98,31,1982.14,5
30-05-2024,Home Decor,895.87,43.71,Occasional,3133.68,25,21304,5
31-05-2024,Fashion,552.12,24.68,Premium,498.55,40,21097.6,5
01-06-2024,Toys,819.12,35.11,Premium,5924.69,29,22736.29,6
02-06-2024,Toys,457.8,49.64,Regular,4037.08,22,8979.52,6
03-06-2024,Home Decor,647.14,6.57,Occasional,9740.62,32,20498.24,6
04-06-2024,Sports,531.14,13.74,Occasional,5487.57,28,14487.2,6
05-06-2024,Electronics,734.27,19.73,Premium,2824.87,47,33583.38,6
06-06-2024,Sports,90.81,21.09,Occasional,7123.44,52,3625.44,6
07-06-2024,Home Decor,69.75,20.55,Premium,2787.77,30,1476,6
08-06-2024,Toys,254.63,45.38,Premium,9052.01,26,5440.5,6
09-06-2024,Sports,167.95,35.7,Regular,3809.75,22,2909.5,6
10-06-2024,Toys,873.07,30.4,Regular,5543.7,28,23594.76,6
11-06-2024,Electronics,227.02,15.47,Regular,600.67,21,4442.55,6
12-06-2024,Toys,976.11,41.19,Premium,4318.6,38,35526.96,6
13-06-2024,Toys,343.53,47.75,Occasional,8340.4,21,6211.38,6
14-06-2024,Fashion,190.3,41.06,Regular,8075.92,32,4775.68,6
15-06-2024,Fashion,791.8,0.08,Occasional,2320.75,34,26918.48,6
16-06-2024,Fashion,662.12,31.82,Regular,2338.18,28,17648.4,6
17-06-2024,Toys,503.21,2.56,Regular,8191.32,18,9011.7,6
18-06-2024,Home Decor,559.81,12.88,Premium,9310.94,23,12579.39,6
19-06-2024,Toys,722.01,2.98,Regular,1044.07,29,20851.87,6
20-06-2024,Home Decor,236.17,30.19,Regular,4555.58,33,6797.34,6
21-06-2024,Home Decor,996.37,34.33,Premium,3440.8,30,28861.2,6
22-06-2024,Fashion,975.05,5.72,Occasional,8719.82,38,36834.54,6
23-06-2024,Sports,653.82,19.19,Regular,926.9,26,16500.38,6
24-06-2024,Electronics,207.55,22.81,Premium,2190.15,30,5542.2,6
25-06-2024,Fashion,683.43,18.45,Regular,7549.44,27,17954.46,6
26-06-2024,Fashion,81.48,6.05,Premium,607.81,42,3168.06,6
27-06-2024,Sports,40.35,20.95,Occasional,4976.1,16,310.4,6
28-06-2024,Electronics,265.11,37.56,Occasional,4476.86,50,11377.5,6
29-06-2024,Toys,468,3.55,Premium,3410.57,32,14862.4,6
30-06-2024,Toys,869.59,4.01,Premium,4006.27,28,24236.24,6
01-07-2024,Fashion,729.9,17.74,Premium,5346.41,27,19228.32,7
02-07-2024,Electronics,745.28,47.09,Occasional,1697.54,41,28625.79,7
03-07-2024,Fashion,431.24,33.43,Regular,5762.76,32,12729.92,7
04-07-2024,Home Decor,352.48,33.93,Occasional,8073.78,25,7963.75,7
05-07-2024,Fashion,377.33,18.1,Premium,7625.59,42,15087.66,7
06-07-2024,Fashion,987.77,29.68,Premium,1623.61,22,21077.98,7
07-07-2024,Toys,49.71,0.51,Occasional,1577.57,40,1968,7
08-07-2024,Toys,868.36,31.8,Premium,2754.93,35,29279.6,7
09-07-2024,Toys,582.89,45.66,Occasional,3674.64,33,17728.59,7
10-07-2024,Home Decor,444.23,30.63,Premium,4143.71,22,9099.2,7
11-07-2024,Toys,728.01,43.68,Regular,6829,35,23951.55,7
12-07-2024,Electronics,491.8,36.2,Regular,661.14,16,7289.6,7
13-07-2024,Sports,874.69,6.03,Premium,443.26,29,25191.14,7
14-07-2024,Electronics,901.69,45.12,Occasional,3979.91,27,23127.39,7
15-07-2024,Electronics,427.5,3.32,Regular,7001.92,13,5514.34,7
16-07-2024,Toys,284.06,26.7,Occasional,2015.01,33,8492.88,7
17-07-2024,Sports,596.43,7.11,Premium,6450.89,31,18268.92,7
18-07-2024,Sports,913.24,0.59,Occasional,2672.3,34,31030.1,7
19-07-2024,Sports,218.56,21.1,Regular,8872.25,40,7898.4,7
20-07-2024,Home Decor,626.74,14.75,Occasional,8967.33,28,17135.72,7
21-07-2024,Toys,635.24,24.3,Occasional,3043.14,15,9164.1,7
22-07-2024,Sports,735.78,28.86,Premium,2376.94,26,18379.92,7
23-07-2024,Home Decor,140.25,2.19,Premium,4171.91,37,5108.22,7
24-07-2024,Fashion,718.67,6.15,Premium,2481.26,31,22088.12,7
25-07-2024,Fashion,909.94,27.93,Regular,6756.6,36,31752.36,7
26-07-2024,Home Decor,187.89,17.16,Regular,8278.04,34,5804.82,7
27-07-2024,Home Decor,245.17,36.46,Premium,6763.61,26,5426.46,7
28-07-2024,Toys,971.68,32.61,Premium,8261.07,29,27233.03,7
29-07-2024,Toys,189.17,42.28,Regular,4030.22,28,4112.92,7
30-07-2024,Fashion,855.84,34.62,Regular,1647.54,31,25457.82,7
31-07-2024,Sports,497.36,21.5,Regular,7405.71,31,14751.66,7
01-08-2024,Fashion,254.76,33.65,Regular,3668.7,33,7296.63,8
02-08-2024,Sports,872.04,13.77,Premium,6745.58,34,29181.18,8
03-08-2024,Sports,450.85,15.32,Regular,2779.38,25,10888.25,8
04-08-2024,Toys,519.67,39.45,Premium,904.17,31,14886.82,8
05-08-2024,Electronics,365.64,22.32,Occasional,9926.56,22,7553.04,8
06-08-2024,Electronics,597.02,39.92,Occasional,1646.39,30,16713,8
07-08-2024,Home Decor,171.89,41.12,Regular,9885.37,28,3661.56,8
08-08-2024,Toys,397.17,42.88,Occasional,9775.07,20,7085.8,8
09-08-2024,Sports,969.72,45.83,Occasional,7958.8,29,26792.81,8
10-08-2024,Electronics,265.55,21.55,Occasional,6628.29,24,5856,8
11-08-2024,Sports,660.17,15.94,Regular,5820.29,24,15461.52,8
12-08-2024,Electronics,331.94,29.11,Regular,8674.41,28,8479.24,8
13-08-2024,Electronics,775.74,18.56,Occasional,2965.45,37,28015.66,8
14-08-2024,Electronics,139.56,30.05,Premium,4730.04,30,3285.3,8
15-08-2024,Toys,970.12,35.28,Occasional,6231.96,34,31784.56,8
16-08-2024,Fashion,459.25,34.42,Regular,4170.79,30,12744.9,8
17-08-2024,Sports,243.69,18.73,Regular,4332.12,31,6973.76,8
18-08-2024,Toys,82.76,8.34,Regular,3369.82,33,2455.86,8
19-08-2024,Toys,178.06,21.53,Occasional,5685.89,29,4539.37,8
20-08-2024,Toys,524.58,7.13,Premium,8520.69,31,16040.95,8
21-08-2024,Toys,343.63,44.5,Regular,2095.13,35,10469.55,8
22-08-2024,Toys,830.59,17.29,Regular,9350.89,28,22772.4,8
23-08-2024,Home Decor,436.58,7.72,Occasional,6921.97,32,13723.52,8
24-08-2024,Sports,256.23,1.27,Premium,8250.4,43,10963.28,8
25-08-2024,Toys,620.97,32.29,Occasional,5606.29,16,9418.88,8
26-08-2024,Sports,709.71,31.85,Regular,7817.22,44,29825.84,8
27-08-2024,Home Decor,175.37,17.03,Premium,260.38,29,4591.86,8
28-08-2024,Home Decor,175.94,3.59,Premium,8201.97,32,5515.2,8
29-08-2024,Sports,46.3,20.48,Regular,497.37,29,748.78,8
30-08-2024,Electronics,739.04,15.56,Premium,8910.14,45,32556.6,8
31-08-2024,Fashion,667.17,33.86,Premium,9920.43,32,20265.92,8
01-09-2024,Electronics,479.88,30.29,Occasional,3011.27,32,14386.88,9
02-09-2024,Electronics,845.73,18.23,Regular,2182.15,30,24825,9
03-09-2024,Electronics,807.61,10.89,Regular,7677.1,29,23104.88,9
04-09-2024,Toys,589.5,49.4,Regular,2604.96,24,12962.4,9
05-09-2024,Home Decor,869.59,22.7,Regular,8669.07,32,27100.48,9
06-09-2024,Electronics,213.78,34.41,Regular,1118.14,25,4484.25,9
07-09-2024,Home Decor,120.8,7.03,Premium,1346.96,35,3981.95,9
08-09-2024,Sports,277.05,24.28,Occasional,9793.6,22,5560.94,9
09-09-2024,Fashion,66.52,1.38,Regular,6771.01,22,1433.08,9
10-09-2024,Sports,535.86,25.27,Occasional,8484.18,33,16849.47,9
11-09-2024,Sports,937.24,48.2,Occasional,3310.86,24,21336.96,9
12-09-2024,Toys,48.95,19.21,Premium,6797.19,34,1011.16,9
13-09-2024,Fashion,130.89,1.95,Regular,5982.99,35,4512.9,9
14-09-2024,Sports,457.68,1.55,Premium,6071.19,32,14596.16,9
15-09-2024,Sports,934.54,19.4,Regular,6857.07,40,36605.6,9
16-09-2024,Fashion,322.99,8,Premium,5796.06,41,12914.59,9
17-09-2024,Fashion,512.16,1.17,Occasional,4347.72,45,22994.55,9
18-09-2024,Sports,51.16,37.81,Regular,2831.63,24,320.4,9
19-09-2024,Fashion,156.86,22.93,Occasional,7708.96,37,4955.41,9
20-09-2024,Sports,986.76,14.46,Occasional,2340.1,48,46670.4,9
21-09-2024,Sports,965.47,45,Premium,6954.31,25,23011.75,9
22-09-2024,Toys,14.89,5.81,Regular,2409.99,20,181.6,9
23-09-2024,Electronics,952.29,47.8,Occasional,6290.77,17,15376.33,9
24-09-2024,Sports,642.73,15.7,Premium,7496.07,44,27589.32,9
25-09-2024,Home Decor,869.24,44.42,Regular,2265.27,30,24744.6,9
26-09-2024,Electronics,460.19,30.15,Regular,693.44,34,14621.36,9
27-09-2024,Electronics,520.44,41.34,Occasional,1396.64,31,14852.1,9
28-09-2024,Electronics,493.96,49.2,Regular,6099.37,38,16900.88,9
29-09-2024,Toys,670.2,14.42,Occasional,8509.52,32,20984.96,9
30-09-2024,Sports,148.25,48.06,Regular,545.47,27,2705.13,9
01-10-2024,Toys,39.67,19.47,Premium,7368.1,24,484.8,10
02-10-2024,Sports,314.85,19.28,Occasional,3479.05,40,11822.8,10
03-10-2024,Toys,707.63,17.02,Occasional,4837.43,57,39364.77,10
04-10-2024,Toys,209.83,27.07,Regular,9295.71,27,4934.52,10
05-10-2024,Home Decor,676.7,7.71,Regular,3386.52,28,18731.72,10
06-10-2024,Toys,970.21,27.69,Occasional,4706.84,41,38643.32,10
07-10-2024,Fashion,102.96,27.09,Regular,235.46,37,2807.19,10
08-10-2024,Home Decor,675.88,38.1,Premium,907.83,27,17220.06,10
09-10-2024,Toys,449.31,41.68,Regular,2660.06,21,8560.23,10
10-10-2024,Electronics,869.46,22.02,Premium,375.74,25,21186,10
11-10-2024,Fashion,185.38,15.12,Premium,6350.62,30,5107.8,10
12-10-2024,Fashion,695.7,12.97,Premium,4321.34,18,12289.14,10
13-10-2024,Fashion,839.73,9.73,Premium,5526.64,17,14110,10
14-10-2024,Home Decor,945.17,2.88,Premium,1829.01,27,25441.83,10
15-10-2024,Toys,686.42,17.12,Regular,3029.73,27,18071.1,10
16-10-2024,Toys,502.2,13.51,Premium,6671.86,28,13683.32,10
17-10-2024,Electronics,621.67,48.32,Regular,9656.5,37,21213.95,10
18-10-2024,Electronics,870.22,27.89,Premium,599.13,33,27796.89,10
19-10-2024,Fashion,574.9,17.36,Occasional,8914.8,31,17283.74,10
20-10-2024,Electronics,40.08,29.02,Premium,5811.12,19,210.14,10
21-10-2024,Home Decor,931.64,6.96,Occasional,5682.8,40,36987.2,10
22-10-2024,Toys,692.63,22.2,Premium,5052.76,33,22124.19,10
23-10-2024,Fashion,679.75,31.31,Premium,787,47,30476.68,10
24-10-2024,Electronics,223.52,24.44,Premium,989.78,40,7963.2,10
25-10-2024,Home Decor,662.3,20.09,Occasional,6049.03,28,17981.88,10
26-10-2024,Home Decor,399.93,49.69,Occasional,3475.49,30,10507.2,10
27-10-2024,Electronics,654.72,44.02,Premium,9180.95,28,17099.6,10
28-10-2024,Toys,115.53,31.17,Regular,4125.25,37,3121.32,10
29-10-2024,Electronics,661.27,28.47,Premium,1518.49,34,21515.2,10
30-10-2024,Fashion,999.42,31.03,Occasional,7175.72,25,24209.75,10
31-10-2024,Electronics,57.73,10.07,Premium,3004.2,32,1525.12,10
01-11-2024,Home Decor,977.4,19.76,Occasional,5302.16,24,22983.36,11
02-11-2024,Electronics,412.84,1.97,Occasional,7008.54,27,11093.49,11
03-11-2024,Toys,872.05,23.78,Occasional,9012.61,29,24599.83,11
04-11-2024,Sports,784.56,27.15,Premium,7942.69,34,25751.94,11
05-11-2024,Electronics,571.35,11.39,Occasional,6795.97,28,15678.88,11
06-11-2024,Toys,741.06,48.2,Occasional,6828.37,46,31871.56,11
07-11-2024,Toys,879.73,45.47,Premium,9464.65,27,22525.02,11
08-11-2024,Home Decor,410.1,36.11,Occasional,3028.66,30,11219.7,11
09-11-2024,Toys,333.76,26.67,Premium,111.01,28,8598.52,11
10-11-2024,Toys,670.92,43.5,Occasional,2792.35,35,21959.7,11
11-11-2024,Toys,809.77,6.53,Regular,2257.12,39,31326.36,11
12-11-2024,Toys,764.66,39.53,Regular,6652.16,46,33355.98,11
13-11-2024,Fashion,799.84,6.24,Occasional,6373.74,40,31744,11
14-11-2024,Fashion,441.23,39.71,Regular,5975.27,38,15257.76,11
15-11-2024,Home Decor,819.66,13.79,Premium,260.81,37,29817.19,11
16-11-2024,Electronics,129.01,43.85,Regular,7314.9,34,2895.44,11
17-11-2024,Toys,549.04,47.2,Occasional,3302.95,24,12044.16,11
18-11-2024,Electronics,15.7,7.44,Occasional,6684.05,18,148.68,11
19-11-2024,Electronics,331.34,23.13,Premium,5610.13,30,9246.3,11
20-11-2024,Home Decor,372.8,49.05,Occasional,3493.04,28,9065,11
21-11-2024,Toys,402.21,24.17,Premium,1432.31,32,12097.28,11
22-11-2024,Toys,698.51,43.18,Regular,1034.75,24,15727.92,11
23-11-2024,Sports,394.67,29.44,Regular,8332.03,17,6208.91,11
24-11-2024,Electronics,454.21,18.77,Premium,9192.14,36,15675.84,11
25-11-2024,Electronics,245.17,14.29,Premium,6532.9,23,5310.24,11
26-11-2024,Fashion,379.52,10.16,Occasional,1124,31,11450.16,11
27-11-2024,Sports,235,38.09,Regular,4080.07,30,5907.3,11
28-11-2024,Fashion,82.46,19.33,Premium,7316.5,22,1388.86,11
29-11-2024,Fashion,607.41,25.56,Regular,7820.23,19,11055.15,11
30-11-2024,Fashion,671.53,24.62,Premium,1270.36,41,26523.31,11
01-12-2024,Home Decor,623.3,28.86,Regular,100.3,28,16644.32,12
02-12-2024,Home Decor,468.86,43.28,Occasional,7150.16,26,11065.08,12
03-12-2024,Fashion,385.99,49.04,Regular,3630.3,33,11119.35,12
04-12-2024,Sports,864.7,20.38,Regular,2619.37,28,23640.96,12
05-12-2024,Electronics,523.89,41.38,Regular,227.68,32,15440.32,12
06-12-2024,Sports,484.39,38.23,Regular,5448.96,36,16061.76,12
07-12-2024,Toys,35.39,28.68,Regular,8526.39,30,201.3,12
08-12-2024,Home Decor,347.84,47.8,Occasional,9580.55,16,4800.64,12
09-12-2024,Electronics,386.39,10.02,Premium,5700.88,38,14302.06,12
10-12-2024,Electronics,404.83,5.46,Regular,5193.17,42,16773.54,12
11-12-2024,Toys,584.37,42.7,Occasional,942.06,20,10833.4,12
12-12-2024,Toys,538.27,21.96,Regular,5533.84,32,16521.92,12
13-12-2024,Fashion,611.83,42.35,Regular,3861.79,26,14806.48,12
14-12-2024,Home Decor,767.23,44.65,Premium,6110.64,22,15896.76,12
15-12-2024,Home Decor,814.86,3.12,Regular,3948.39,32,25975.68,12
16-12-2024,Sports,720.94,44.17,Occasional,2478.96,45,30454.65,12
17-12-2024,Fashion,955.97,22.42,Occasional,1040.16,25,23338.75,12
18-12-2024,Fashion,28.05,25.52,Premium,3217.69,28,70.84,12
19-12-2024,Fashion,203.82,31.33,Regular,1056.78,22,3794.78,12
20-12-2024,Fashion,17.49,46.32,Occasional,1851.28,19,-547.77,12
21-12-2024,Home Decor,651,0.96,Regular,9874.63,47,30551.88,12
22-12-2024,Home Decor,899.05,23.84,Regular,4496.63,35,30632.35,12
23-12-2024,Fashion,251.05,34.39,Regular,5365.53,13,2816.58,12
24-12-2024,Sports,927.76,36.14,Premium,8748.82,28,24965.36,12
25-12-2024,Electronics,69.66,34.63,Regular,9956.13,22,770.66,12
26-12-2024,Electronics,935.09,6.72,Occasional,5868.87,41,38063.17,12
27-12-2024,Sports,358.11,14.97,Regular,8143.49,29,9951.06,12
28-12-2024,Fashion,110.41,17.94,Occasional,3336.72,47,4346.09,12
29-12-2024,Home Decor,491.01,40.22,Regular,3126.87,19,8565.01,12
30-12-2024,Electronics,264.21,13.94,Occasional,4086.77,21,5255.67,12
31-12-2024,Toys,292.02,10.54,Occasional,6757.82,38,10696.24,12
01-01-2025,Toys,314.22,47.87,Regular,6853.7,46,12252.1,1
02-01-2025,Sports,805,0.44,Regular,3220.87,25,20114,1
03-01-2025,Fashion,543.77,49.89,Occasional,1418.78,15,7408.2,1
04-01-2025,Electronics,318.19,33.84,Premium,6360.72,19,5402.65,1
05-01-2025,Fashion,614.23,41.42,Regular,1370.43,26,14893.06,1
06-01-2025,Electronics,718.99,14.73,Premium,5827.08,36,25353.36,1
07-01-2025,Sports,279.9,0.72,Regular,6964.88,26,7258.68,1
08-01-2025,Sports,419.41,36.89,Regular,7036.05,31,11858.12,1
09-01-2025,Toys,130.67,41.71,Regular,7559.37,31,2757.76,1
10-01-2025,Fashion,189.34,37.02,Regular,8741.31,25,3808,1
11-01-2025,Toys,684.31,7.14,Premium,5049.59,27,18283.59,1
12-01-2025,Fashion,189.62,37.67,Regular,7329.47,31,4710.45,1
13-01-2025,Toys,529.91,38.45,Occasional,6229.81,24,11795.04,1
14-01-2025,Home Decor,711.96,32.93,Occasional,1947.74,27,18333.81,1
15-01-2025,Home Decor,115.81,38.31,Premium,354.33,36,2790,1
16-01-2025,Home Decor,571.64,42.3,Regular,2916.96,15,7940.1,1
17-01-2025,Home Decor,264,30.68,Occasional,4486.03,26,6066.32,1
18-01-2025,Electronics,963.3,4.43,Premium,6209.35,31,29724.97,1
19-01-2025,Home Decor,488.71,24.38,Regular,8514.6,43,19966.19,1
20-01-2025,Sports,807.93,3.88,Occasional,2042.83,24,19297.2,1
21-01-2025,Sports,554.72,20.38,Occasional,1342.94,15,8015.1,1
22-01-2025,Electronics,52.98,20.36,Premium,9638.45,25,815.5,1
23-01-2025,Home Decor,636.82,3.3,Regular,1169.64,32,20272.64,1
24-01-2025,Home Decor,951.89,17.44,Regular,4837.06,36,33640.2,1
25-01-2025,Home Decor,605.6,5.55,Occasional,5897.08,33,19801.65,1
26-01-2025,Toys,821,40.41,Occasional,5459.61,17,13270.03,1
27-01-2025,Fashion,885.36,47.38,Occasional,951.72,39,32681.22,1
28-01-2025,Toys,235.8,3.62,Regular,664.57,40,9287.2,1
29-01-2025,Fashion,219.92,47.76,Premium,1144.29,36,6197.76,1
30-01-2025,Home Decor,614.87,26.13,Premium,5897.32,29,17073.46,1
31-01-2025,Home Decor,416.92,14.98,Regular,5489.01,28,11254.32,1
01-02-2025,Toys,841.46,3.84,Premium,2414.03,37,30991.94,2
02-02-2025,Toys,901.02,25.03,Occasional,6413.96,34,29783.66,2
03-02-2025,Fashion,359.89,39.73,Premium,8218.67,36,11525.76,2
04-02-2025,Sports,244.5,35.35,Premium,511.63,30,6274.5,2
05-02-2025,Fashion,782.72,2.51,Premium,5031.49,24,18725.04,2
06-02-2025,Toys,282.06,3.65,Occasional,6924.17,28,7795.48,2
07-02-2025,Toys,824.39,20.14,Regular,2597.89,31,24931.75,2
08-02-2025,Electronics,429.5,14.76,Occasional,3146.93,41,17004.34,2
09-02-2025,Toys,670.87,11.62,Regular,6175.02,21,13844.25,2
10-02-2025,Electronics,104.58,14.05,Regular,8989.56,18,1629.54,2
11-02-2025,Sports,627.62,40.17,Regular,8118.25,21,12336.45,2
12-02-2025,Fashion,457.25,46.46,Premium,5872.99,28,11502.12,2
13-02-2025,Fashion,590.74,20.26,Premium,7329.2,27,15402.96,2
14-02-2025,Electronics,176.33,45.31,Regular,3711.74,27,3537.54,2
15-02-2025,Fashion,739.51,16.07,Regular,6445.56,28,20256.32,2
16-02-2025,Toys,864.17,23.82,Premium,4715.2,35,29412.25,2
17-02-2025,Home Decor,224.57,11.3,Occasional,1980.37,20,4265.4,2
18-02-2025,Electronics,104.76,32.02,Regular,7047.21,34,2473.16,2
19-02-2025,Fashion,33.4,48.95,Occasional,5609,31,-482.05,2
20-02-2025,Electronics,645.55,30.17,Premium,3650.35,34,20922.92,2
21-02-2025,Electronics,611.02,17.89,Regular,9122.26,38,22538.94,2
22-02-2025,Home Decor,551.23,32.39,Occasional,307.25,30,15565.2,2
23-02-2025,Toys,239.63,6.15,Occasional,3226.15,25,5837,2
24-02-2025,Electronics,397,44.43,Occasional,663.13,28,9871.96,2
25-02-2025,Fashion,598.53,25.15,Premium,7688.62,40,22935.2,2
26-02-2025,Sports,501.8,22.47,Premium,7050.86,25,11983.25,2
27-02-2025,Electronics,987.91,29.29,Occasional,3380.39,22,21089.64,2
28-02-2025,Electronics,145.08,31.24,Occasional,6789.06,28,3187.52,2
01-03-2025,Home Decor,698.19,3.59,Premium,4019.78,24,16670.4,3
02-03-2025,Toys,410.28,34.13,Occasional,7586.91,32,12036.8,3
03-03-2025,Sports,433.92,12.1,Occasional,4596.42,15,6327.3,3
04-03-2025,Fashion,720.42,35.7,Premium,4181.57,32,21911.04,3
05-03-2025,Sports,695.51,41.13,Occasional,9353.83,37,24212.06,3
06-03-2025,Fashion,991.34,40.2,Occasional,2583.7,31,29485.34,3
07-03-2025,Toys,137.11,27.63,Occasional,1292.43,27,2955.96,3
08-03-2025,Fashion,113.07,26.01,Premium,5886.98,19,1654.14,3
09-03-2025,Home Decor,727.1,7.14,Occasional,9696.29,31,22318.76,3
10-03-2025,Home Decor,582.6,38.77,Premium,3840.61,32,17402.56,3
11-03-2025,Home Decor,281.42,13.57,Premium,714.16,23,6160.55,3
12-03-2025,Home Decor,88.63,24.83,Regular,3459.12,24,1531.2,3
13-03-2025,Sports,94.8,14.21,Regular,5108.72,36,2901.24,3
14-03-2025,Toys,895.25,6.69,Occasional,1703.04,31,27545.36,3
15-03-2025,Fashion,199.95,31.48,Premium,6615.21,36,6064.92,3
16-03-2025,Fashion,330.14,2.72,Regular,9977.72,34,11132.28,3
17-03-2025,Home Decor,234.39,37.43,Occasional,4572.22,28,5514.88,3
18-03-2025,Home Decor,361.45,15.88,Regular,3611.81,32,11058.24,3
19-03-2025,Electronics,78.73,0.01,Regular,4066.97,37,2912.64,3
20-03-2025,Toys,523.87,25.56,Premium,1239.95,34,16942.54,3
21-03-2025,Sports,76.94,2.34,Premium,8844.41,36,2685.6,3
22-03-2025,Fashion,802.35,13.81,Regular,4206.77,18,14193.72,3
23-03-2025,Electronics,241.37,35.35,Regular,3934.02,29,5974.58,3
24-03-2025,Electronics,544.61,3.13,Premium,6630.93,22,11912.56,3
25-03-2025,Fashion,881.28,41.97,Occasional,4476.13,45,37768.95,3
26-03-2025,Sports,654.37,0.19,Premium,6517.51,33,21587.94,3
27-03-2025,Electronics,537.63,12.34,Regular,708.32,33,17334.57,3
28-03-2025,Electronics,331.09,37.05,Occasional,8155.86,40,11761.6,3
29-03-2025,Toys,339.67,15.81,Regular,9410.99,30,9715.8,3
30-03-2025,Sports,672.79,5.09,Occasional,6522.78,39,26040.3,3
31-03-2025,Electronics,994.2,18.01,Regular,9550.2,28,27333.32,3
01-04-2025,Sports,665.22,13.52,Occasional,1599.18,30,19551,4
02-04-2025,Fashion,562.21,42.14,Occasional,4826.42,30,15602.1,4
03-04-2025,Home Decor,733.34,15.67,Regular,6057.89,37,26553.79,4
04-04-2025,Electronics,470.55,39.45,Occasional,5859.19,31,13364.1,4
05-04-2025,Toys,69.54,44.59,Premium,4074.47,33,823.35,4
06-04-2025,Fashion,566.67,21.69,Regular,3447.04,18,9809.64,4
07-04-2025,Sports,958.05,45.5,Premium,1355.56,31,28289.05,4
08-04-2025,Fashion,183.55,18.87,Regular,3978.25,31,5105.08,4
09-04-2025,Electronics,693.1,48.2,Occasional,1710.34,25,16122.5,4
10-04-2025,Sports,208.92,4.46,Occasional,7370.22,22,4498.12,4
11-04-2025,Home Decor,540.47,34.35,Occasional,2167.43,27,13665.24,4
12-04-2025,Fashion,105.71,24.69,Regular,679.8,19,1539.38,4
13-04-2025,Electronics,455.87,19.38,Premium,5568.42,28,12221.72,4
14-04-2025,Toys,758.6,31.64,Premium,5992.77,34,24716.64,4
15-04-2025,Sports,354.1,35.19,Regular,8731.94,28,8929.48,4
16-04-2025,Fashion,668.26,0.22,Regular,5812.12,23,15364.92,4
17-04-2025,Fashion,797.5,8.35,Premium,3520.26,23,18150.45,4
18-04-2025,Home Decor,927.91,35.65,Premium,8049.82,28,24983.28,4
19-04-2025,Home Decor,242.3,33.32,Premium,5448.76,22,4597.56,4
20-04-2025,Toys,405.32,48.3,Premium,884.87,36,12852.72,4
21-04-2025,Toys,160.89,38.05,Regular,5701.92,36,4422.24,4
22-04-2025,Electronics,992.56,47.54,Regular,9089.38,40,37800.8,4
23-04-2025,Electronics,927.73,35.13,Occasional,4023.49,19,16959.4,4
24-04-2025,Toys,544.56,14.9,Premium,3033.63,33,17478.78,4
25-04-2025,Toys,843.61,5.27,Occasional,1520.35,31,25988.54,4
26-04-2025,Sports,525.75,39.09,Regular,1599.31,29,14113.14,4
27-04-2025,Home Decor,627.35,32.21,Regular,4384.44,29,17259.06,4
28-04-2025,Electronics,98.23,2.41,Occasional,5997.23,31,2970.42,4
29-04-2025,Home Decor,757.72,18,Premium,898.09,26,19232.72,4
30-04-2025,Home Decor,136.44,47.84,Premium,9401.73,34,3012.4,4
01-05-2025,Toys,827.81,25.02,Premium,7575.82,32,25689.28,5
02-05-2025,Sports,784.21,21.64,Premium,5907.58,20,15251.4,5
03-05-2025,Fashion,711.66,22.88,Occasional,8301.54,33,22729.74,5
04-05-2025,Sports,45.8,10.44,Occasional,893.85,34,1202.24,5
05-05-2025,Sports,310.1,18.44,Regular,4820.7,35,10208.1,5
06-05-2025,Home Decor,270.48,18.49,Premium,6337.92,35,8819.65,5
07-05-2025,Sports,366.54,2.62,Premium,8303.66,29,10553.68,5
08-05-2025,Electronics,96.77,38.38,Premium,7856.35,27,1576.53,5
09-05-2025,Home Decor,937.59,20.83,Occasional,2842.99,29,26586.04,5
10-05-2025,Electronics,558.26,41.11,Premium,9414.71,20,10343,5
11-05-2025,Fashion,312.47,42.52,Occasional,1331.02,39,10528.05,5
12-05-2025,Home Decor,403.01,10.6,Premium,8763.82,39,15303.99,5
13-05-2025,Fashion,452.73,32.87,Premium,9712.31,21,8817.06,5
14-05-2025,Home Decor,604.59,23.61,Regular,1853.82,37,21496.26,5
15-05-2025,Toys,520.52,44.01,Premium,7248.45,25,11912.75,5
16-05-2025,Sports,920.2,10.79,Premium,498.83,29,26372.89,5
17-05-2025,Toys,501.99,33.89,Regular,4113.69,24,11234.4,5
18-05-2025,Fashion,992.24,30.39,Occasional,5211.2,37,35588.45,5
19-05-2025,Sports,852.91,14.77,Occasional,5848.39,28,23467.92,5
20-05-2025,Home Decor,216.43,6.83,Premium,9365.78,32,6707.2,5
21-05-2025,Sports,931.29,32.58,Occasional,6755.28,38,34150.98,5
22-05-2025,Electronics,125.2,36.93,Premium,4864.65,40,3530.8,5
23-05-2025,Sports,819.28,15.78,Regular,8115.78,23,18480.5,5
24-05-2025,Electronics,386.82,32.24,Regular,9510.27,28,9928.24,5
25-05-2025,Sports,879.19,19.76,Premium,318.45,27,23204.61,5
26-05-2025,Electronics,869.38,35.66,Regular,9826.96,27,22510.44,5
27-05-2025,Fashion,807.87,9.96,Regular,952.71,26,20745.66,5
28-05-2025,Toys,792.13,44.51,Premium,8162.43,42,31400.04,5
29-05-2025,Home Decor,311.63,14.37,Premium,2875.31,26,7728.76,5
30-05-2025,Sports,90.11,18.39,Regular,1408.58,32,2295.04,5
31-05-2025,Toys,408.95,2.9,Occasional,4454.57,39,15835.95,5
01-06-2025,Home Decor,181.79,5.58,Occasional,6475.17,18,3171.78,6
02-06-2025,Home Decor,698,25.79,Premium,3871.42,29,19494.09,6
03-06-2025,Electronics,352.64,13.38,Premium,640.2,18,6106.68,6
04-06-2025,Fashion,975.85,41.77,Occasional,6034.67,38,35495.04,6
05-06-2025,Fashion,644.56,0.73,Regular,9033.79,33,21246.39,6
06-06-2025,Toys,824.26,18.95,Occasional,3893.83,23,18522.13,6
07-06-2025,Fashion,141.2,16.87,Occasional,2241.69,30,3729.9,6
08-06-2025,Sports,863.39,0.97,Occasional,4481.52,26,22422.92,6
09-06-2025,Fashion,923.53,6.22,Occasional,578.79,42,38527.02,6
10-06-2025,Toys,492.19,20.68,Premium,8222.83,32,15088.32,6
11-06-2025,Fashion,610.19,24.64,Premium,8280.77,25,14638.75,6
12-06-2025,Sports,767.16,20.21,Regular,5921.2,22,16432.9,6
13-06-2025,Electronics,183.09,26.55,Regular,3595.72,35,5478.9,6
14-06-2025,Toys,507.54,29.76,Regular,8017.86,22,10511.16,6
15-06-2025,Electronics,404.68,0.5,Regular,5591.4,30,12125.4,6
16-06-2025,Electronics,154.91,23.2,Occasional,8276.73,39,5136.69,6
17-06-2025,Electronics,373.86,48.17,Premium,6351.44,34,11073.46,6
18-06-2025,Home Decor,77.49,25.95,Premium,7865.61,32,1649.28,6
19-06-2025,Home Decor,35.55,33.88,Regular,6025.77,33,55.11,6
20-06-2025,Electronics,143.81,15.59,Regular,4200,26,3333.72,6
21-06-2025,Toys,963.48,38.7,Occasional,9583.66,26,24044.28,6
22-06-2025,Sports,554.03,38.65,Occasional,5457.03,31,15976.78,6
23-06-2025,Sports,966.16,26.06,Regular,6090.39,28,26322.8,6
24-06-2025,Fashion,438.17,48.8,Premium,2282.83,29,11291.73,6
25-06-2025,Toys,318.7,6.28,Premium,6293.94,27,8435.34,6
26-06-2025,Home Decor,511.08,0.85,Premium,5758.92,24,12245.52,6
27-06-2025,Electronics,445.12,38.51,Regular,1929.9,27,10978.47,6
28-06-2025,Fashion,114.61,40.36,Premium,689.91,40,2970,6
29-06-2025,Sports,644.42,6.01,Occasional,6083.16,32,20429.12,6
30-06-2025,Home Decor,223.88,13.28,Occasional,7660.55,31,6528.6,6
01-07-2025,Home Decor,623.39,0.88,Regular,5281.67,38,23655.38,7
02-07-2025,Electronics,653.7,14.67,Occasional,2345.05,36,23005.08,7
03-07-2025,Sports,160.5,38.66,Regular,6698.57,36,4386.24,7
04-07-2025,Toys,70.74,25.9,Premium,893.05,22,986.48,7
05-07-2025,Home Decor,782.95,17.4,Premium,4474.15,27,20669.85,7
06-07-2025,Electronics,465.2,18.59,Premium,1717.33,31,13844.91,7
07-07-2025,Toys,67.58,0.07,Occasional,1926.14,24,1620.24,7
08-07-2025,Sports,994.92,14.99,Regular,2102.71,38,37237.34,7
09-07-2025,Home Decor,67.2,32.32,Premium,3928.4,35,1220.8,7
10-07-2025,Toys,698.08,48.71,Regular,606.39,32,20779.84,7
11-07-2025,Toys,983.84,42.35,Premium,4038.16,27,25420.23,7
12-07-2025,Toys,246.79,1.18,Occasional,5165.9,38,9333.18,7
13-07-2025,Home Decor,150.83,44.93,Occasional,4884.61,11,1164.9,7
14-07-2025,Home Decor,130.17,39.16,Regular,3889.56,32,2912.32,7
15-07-2025,Fashion,310.24,39.02,Occasional,8407.55,26,7051.72,7
16-07-2025,Sports,110.04,22.9,Occasional,1538.73,23,2004.22,7
17-07-2025,Electronics,695.24,19.9,Regular,5106.4,37,24987.58,7
18-07-2025,Toys,71.67,15.15,Premium,714.21,31,1752.12,7
19-07-2025,Fashion,514.33,3.28,Occasional,804.44,20,10221,7
20-07-2025,Electronics,996.73,11.41,Regular,5781.27,24,23647.68,7
21-07-2025,Fashion,815.83,12.33,Occasional,5703.58,33,26515.5,7
22-07-2025,Home Decor,619.07,24.2,Occasional,8792.53,25,14871.75,7
23-07-2025,Toys,313.19,37.37,Occasional,5622.95,20,5516.4,7
24-07-2025,Electronics,627.66,23.69,Occasional,9601.93,35,21138.95,7
25-07-2025,Electronics,531.77,2.89,Regular,582.08,41,21684.08,7
26-07-2025,Electronics,431.82,47.89,Regular,1070.28,25,9598.25,7
27-07-2025,Electronics,139.4,47.14,Regular,536.25,35,3229.1,7
28-07-2025,Electronics,887.74,39.26,Occasional,1934.24,40,33939.2,7
29-07-2025,Fashion,455.29,49.57,Occasional,5458.57,28,11360.16,7
30-07-2025,Toys,202.68,27.22,Occasional,6491.16,22,3860.12,7
31-07-2025,Home Decor,374.08,48.14,Regular,551.29,20,6518.8,7
01-08-2025,Home Decor,419.99,3.78,Occasional,9465.11,31,12902.51,8
02-08-2025,Home Decor,829.26,18.28,Premium,8437.44,20,16219.6,8
03-08-2025,Home Decor,736.28,11.27,Occasional,3036.46,21,15225.21,8
04-08-2025,Fashion,771.61,9.79,Premium,864.16,34,25901.88,8
05-08-2025,Sports,20.92,7.04,Occasional,1781.88,25,347,8
06-08-2025,Toys,421.99,31.12,Regular,1356.75,42,16416.54,8
07-08-2025,Electronics,486.53,39.07,Occasional,1320.51,19,8501.74,8
08-08-2025,Sports,29,28.91,Premium,5233.76,38,3.42,8
09-08-2025,Home Decor,267.22,7.35,Premium,2533.89,28,7276.36,8
10-08-2025,Sports,762.69,40.56,Occasional,3645.58,41,29607.33,8
11-08-2025,Toys,145.74,31.8,Premium,9896.1,15,1709.1,8
12-08-2025,Electronics,539.96,19.41,Premium,6874.71,29,15095.95,8
13-08-2025,Electronics,223.05,33.71,Regular,9494.91,28,5301.52,8
14-08-2025,Toys,22,13,Occasional,1511.31,23,207,8
15-08-2025,Toys,248.79,17.26,Occasional,3883.18,20,4630.6,8
16-08-2025,Home Decor,976.12,45.87,Occasional,5591.84,33,30698.25,8
17-08-2025,Electronics,803.52,14.53,Premium,859.9,38,29981.62,8
18-08-2025,Sports,959.98,23.5,Occasional,141.46,18,16856.64,8
19-08-2025,Fashion,492.98,44.51,Occasional,6737.3,28,12557.16,8
20-08-2025,Fashion,118.64,35.39,Regular,6454.01,26,2164.5,8
21-08-2025,Toys,552.48,3.11,Regular,4166.81,30,16481.1,8
22-08-2025,Home Decor,459.83,7.37,Regular,4947.48,27,12216.42,8
23-08-2025,Fashion,845.91,0.39,Premium,4212.89,38,32129.76,8
24-08-2025,Electronics,107.1,31.55,Occasional,337.65,23,1737.65,8
25-08-2025,Toys,493.36,22.38,Regular,3420.18,35,16484.3,8
26-08-2025,Sports,158.55,6.71,Regular,1853.11,31,4707.04,8
27-08-2025,Toys,331.43,47.9,Regular,1074.4,26,7371.78,8
28-08-2025,Sports,739.98,26.48,Occasional,9571.53,19,13556.5,8
29-08-2025,Toys,481.26,12.09,Occasional,6033.66,27,12667.59,8
30-08-2025,Toys,382.13,25.03,Occasional,7313.7,26,9284.6,8
31-08-2025,Toys,400.53,33.98,Premium,3222.1,30,10996.5,8
01-09-2025,Sports,464.85,3.81,Premium,3992.16,23,10603.92,9
02-09-2025,Sports,787.17,13.74,Regular,2445.55,19,14695.17,9
03-09-2025,Toys,893.16,40.35,Occasional,1059.96,29,24731.49,9
04-09-2025,Fashion,955.78,22.98,Regular,1872.41,27,25185.6,9
05-09-2025,Home Decor,789.03,27.33,Occasional,7995.39,43,32753.1,9
06-09-2025,Home Decor,322.25,21.64,Occasional,6807.7,30,9018.3,9
07-09-2025,Home Decor,691.25,2.19,Occasional,5514.6,46,31696.76,9
08-09-2025,Sports,443.23,8.29,Premium,4803.39,36,15657.84,9
09-09-2025,Sports,262.12,22.28,Premium,9232.1,32,7674.88,9
10-09-2025,Fashion,842.46,10.46,Occasional,820.08,23,19136,9
11-09-2025,Home Decor,48.04,2.5,Regular,2877.95,21,956.34,9
12-09-2025,Home Decor,902.74,42.18,Occasional,3564.38,36,30980.16,9
13-09-2025,Toys,466.86,49.06,Occasional,7846.02,23,9609.4,9
14-09-2025,Sports,640.83,39.66,Regular,9925.89,34,20439.78,9
15-09-2025,Home Decor,662.76,42.69,Occasional,2482.64,21,13021.47,9
16-09-2025,Fashion,896.17,12.1,Regular,8755.64,23,20333.61,9
17-09-2025,Fashion,640.3,48.03,Premium,8323.17,33,19544.91,9
18-09-2025,Home Decor,617.79,9.85,Premium,2324.11,26,15806.44,9
19-09-2025,Sports,75.99,47.57,Regular,4053.39,42,1193.64,9
20-09-2025,Fashion,523.22,49.74,Premium,4155.76,35,16571.8,9
21-09-2025,Toys,158.67,35.59,Premium,9784.38,26,3200.08,9
22-09-2025,Fashion,740.06,49.06,Regular,1890.83,34,23494,9
23-09-2025,Electronics,517.1,28.48,Premium,8011.66,21,10261.02,9
24-09-2025,Electronics,683.43,12.98,Occasional,3408.51,19,12738.55,9
25-09-2025,Sports,51.26,21.85,Occasional,7335.62,26,764.66,9
26-09-2025,Home Decor,93.94,29.68,Regular,4258.11,39,2506.14,9
